{"mean": [0.01261467889908257, -0.006880733944954129, 0.005160550458715597, 0.008027522935779817, -0.022935779816513763, 0.011467889908256881, -0.007740825688073395, 0.0025802752293577983, 0.0043004587155963305, -0.0020068807339449542, 0.0022935779816513763, 0.00028669724770642203, 0.013188073394495414, -0.0031536697247706424, 0.01404816513761468, 0.012041284403669725, 0.010894495412844037, -0.012327981651376147, -0.01118119266055046, -0.0005733944954128441, 0.005447247706422019, 0.0043004587155963305, 0.0005733944954128441, 0.004873853211009175, 0.016341743119266054, 0.0014334862385321102, -0.0014334862385321102, -0.0045871559633027525, -0.014621559633027524, -0.004873853211009175, -0.006307339449541285, -0.009174311926605505, -0.02236238532110092, -0.008027522935779817, 0.020928899082568807, -0.006594036697247707, -0.00974770642201835, -0.005733944954128441, -0.0011467889908256881, 0.006307339449541285, 0.0008600917431192661, 0.01261467889908257, 0.00028669724770642203, 0.0045871559633027525, 0.0025802752293577983, 0.005733944954128441, 0.011754587155963303, 0.008314220183486239, -0.006020642201834863, -0.0045871559633027525, -0.016055045871559634, 0.0011467889908256881, -0.007740825688073395, -0.0008600917431192661, 0.009174311926605505, -0.005160550458715597, -0.0017201834862385322, 0.008027522935779817, -0.0037270642201834864, 0.0], "scale": [0.9604335547009867, 0.9586991351029394, 0.9539132208640158, 0.9589892228371224, 0.9587485179370299, 0.9583561285620668, 0.9546468614500268, 0.9549750191150946, 0.9579662812244969, 0.9585721941141572, 0.9578235391556417, 0.9564783506362469, 0.9541365381514959, 0.9528694757696538, 0.9536734325904112, 0.9529490480628355, 0.9592598579672365, 0.9548989296373743, 0.9543123895737746, 0.9560285021414772, 0.9513535297152307, 0.9540677478684108, 0.9548282143533574, 0.9543654444279831, 0.9611233931133197, 0.9552775955536399, 0.9606645540895996, 0.9575159299799335, 0.9551667652527539, 0.9552662377601736, 0.9569071149507506, 0.95568470909254, 0.9581638196958674, 0.9544943227104882, 0.9568488321596146, 0.9576539114381708, 0.9526743769295218, 0.9496929309832988, 0.9551279113693911, 0.9539063275234324, 0.9540770522919666, 0.9538437681803397, 0.9558786775762963, 0.9614004808640686, 0.9543744014499823, 0.9548111695941596, 0.9540050267942363, 0.9582390923702022, 0.9594522469893064, 0.9539161505186515, 0.957691718750122, 0.9590221350507226, 0.9591410467223165, 0.9588729496845373, 0.9619639014001263, 0.9563145867874512, 0.9509154327461715, 0.951485925871963, 0.9546709692092825, 0.9524232734153021]}